<?xml version='1.0' encoding='utf-8' standalone='yes' ?>
<map>
    <string name="pref_max_focus_value_back_key">12.0</string>
    <string name="lib_iso_48_key">0</string>
    <string name="lib_pdarks_global_key">333</string>
    <string name="pref_default_zoom_4th_key">0</string>
    <string name="lib_spat_global_key">0</string>
    <string name="pref_double_tap_key">zoom</string>
    <string name="pref_lib_gamma_y2_5th_key">15</string>
    <string name="lib_saturation2_key">0</string>
    <string name="pref_lib_depth2_5th_key">0</string>
    <string name="pref_category_copy">0</string>
    <string name="lib_spat_l3_wide_key">0</string>
    <string name="lib_luma_l3_tele_key">0</string>
    <string name="pref_lib_smoothing2_tele_key">0</string>
    <string name="pref_manual_focus_back_wide_key">0</string>
    <string name="pref_switch_to_previous_mode_command_string">-1</string>
    <string name="lib_spat_l3_48_key">0</string>
    <string name="lib_luma_l1_4th_key">0</string>
    <string name="lib_luma_global_key">0</string>
    <string name="lib_iso_5th_key">0</string>
    <string name="lib_luma_l4_key">0</string>
    <string name="pref_camera_hdrplus_option_available_key">1</string>
    <string name="pref_evcomp_ns_key">0</string>
    <string name="pref_maxbright_key">0</string>
    <string name="pref_cct_wide_key">-1</string>
    <string name="lib_brightness_tele_key">0</string>
    <string name="lib_hue_wide_key">0</string>
    <string name="pref_has_seen_permissions_dialogs">1</string>
    <string name="pref_lib_gamma_x1_tele_key">333</string>
    <string name="pref_exposure_key">1</string>
    <string name="pref_manual_focus_front_wide_key">0</string>
    <string name="lib_hdr_lightness_key">0EF02D1E</string>
    <string name="lib_pdarks_wide_key">333</string>
    <string name="pref_manual_aux_name_4_key">ID4</string>
    <string name="lib_spat_l1_4th_key">0</string>
    <string name="pref_lib_gamma_x2_key">333</string>
    <string name="pref_lib_depth1_48_key">0</string>
    <string name="pref_sabre_tele_key">0</string>
    <string name="lib_spat_l4_4th_key">0</string>
    <string name="lib_dnr_l1_key">0C74A852</string>
    <string name="lib_spat_l1_key">0</string>
    <string name="lib_user_curve_10">0.751</string>
    <string name="lib_user_curve_12">0.875</string>
    <string name="lib_pwhites_wide_key">333</string>
    <string name="lib_user_curve_11">0.816</string>
    <string name="lib_user_curve_14">0.969</string>
    <string name="lib_user_curve_13">0.926</string>
    <string name="lib_user_curve_15">1.0</string>
    <string name="pref_b_f">0</string>
    <string name="pref_b_e">0</string>
    <string name="pref_b_g">0</string>
    <string name="pref_b_b">0</string>
    <string name="lib_luma_4th_key">0</string>
    <string name="pref_b_a">0</string>
    <string name="pref_b_d">0</string>
    <string name="pref_b_c">0</string>
    <string name="lib_spat_l3_global_key">0</string>
    <string name="lib_brightness_4th_key">0</string>
    <string name="lib_dnr_l1_5th_key">0</string>
    <string name="lib_chroma_l4_tele_key">0</string>
    <string name="lib_chroma_l4_wide_key">0</string>
    <string name="lib_pdarks_key">250</string>
    <string name="lib_hue_5th_key">0</string>
    <string name="pref_lib_smoothing2_5th_key">0</string>
    <string name="ldr_key">1</string>
    <string name="lib_whites_key">10</string>
    <string name="pref_quality_jpg_option_available_key">100</string>
    <string name="lib_curve_wide_key">0</string>
    <string name="lib_global_key">0</string>
    <string name="lib_hdr_range_plus_4th_key">0</string>
    <string name="pref_camera_raw_output_option_available_key">1</string>
    <string name="pref_lib_gamma_x1_wide_key">333</string>
    <string name="pref_pzoom_key">0</string>
    <string name="ldr_user_curve_14">0.969</string>
    <string name="pref_manual_aux_name_5_key">ID5</string>
    <string name="pref_sabre_wide_key">0</string>
    <string name="ldr_user_curve_15">1.0</string>
    <string name="ldr_user_curve_12">0.875</string>
    <string name="ldr_user_curve_13">0.926</string>
    <string name="pref_twentyonebynine_key">0</string>
    <string name="pref_pck_large_yuv_key">0</string>
    <string name="pref_lib_gamma_x1_key">333</string>
    <string name="pref_non_restart_aux_key">0</string>
    <string name="pref_checkbox_mf_enabled_macro">1</string>
    <string name="lib_chroma_l2_4th_key">0</string>
    <string name="pref_camera_picturesize_3rd_key">Full resolution</string>
    <string name="ldr_user_curve_10">0.751</string>
    <string name="ldr_user_curve_11">0.816</string>
    <string name="pref_category_16by9">0</string>
    <string name="pref_lib_gamma_y2_global_key">15</string>
    <string name="pref_lib_gamma_x1_5th_key">333</string>
    <string name="pref_zoom_in_command_string">-1</string>
    <string name="lib_dnr_l1_48_key">0</string>
    <string name="pref_camera_dynamic_depth_enabled_key">0</string>
    <string name="pref_lib_smoothing2_key">0</string>
    <string name="lib_spat_l3_tele_key">0</string>
    <string name="lib_hdr_effect_48_key">0</string>
    <string name="pref_camera_grid_lines_mode">1</string>
    <string name="lib_chroma_l1_tele_key">0</string>
    <string name="pref_lib_smoothing2_wide_key">0</string>
    <string name="pref_aperture">0</string>
    <string name="lib_curve_global_key">0</string>
    <string name="pref_manual_focus_front_tele_key">0</string>
    <string name="ldr_user_gamma_key">0</string>
    <string name="pref_max_focus_value_front_4th_key">20.0</string>
    <string name="pref_lib_gamma_y1_key">-6</string>
    <string name="pref_camera_enable_iris">0</string>
    <string name="pref_cct_tele_key">-1</string>
    <string name="lib_curve_4th_key">0</string>
    <string name="pref_category_portraitfolder">0</string>
    <string name="lib_darks_key">-20</string>
    <string name="pref_category_ractive">0</string>
    <string name="lib_whites_4th_key">15</string>
    <string name="lib_luma_l2_5th_key">0</string>
    <string name="pref_config_nickname_key">CL4PTRAP</string>
    <string name="lib_contrast_l2_global_key">0</string>
    <string name="pref_lib_gamma_x2_48_key">333</string>
    <string name="lib_spat_l3_key">0</string>
    <string name="pref_hirizon_level_option_available_key">0</string>
    <string name="lib_saturation2_48_key">0</string>
    <string name="pref_awb_back_aux3rdbackcamera_key">1</string>
    <string name="lib_saturation_wide_key">0</string>
    <string name="pref_manual_focus_back_key">1</string>
    <string name="pref_awb_user_r0">0.6</string>
    <string name="lib_whites_tele_key">15</string>
    <string name="pref_awb_user_r1">0.6</string>
    <string name="pref_awb_user_r2">0.6</string>
    <string name="pref_awb_user_r3">0.6</string>
    <string name="pref_awb_user_r4">0.6</string>
    <string name="pref_awb_user_r5">0.6</string>
    <string name="pref_awb_user_r6">0.6</string>
    <string name="lib_hdr_range_minus_key">0</string>
    <string name="lib_hdr_range_minus_4th_key">0</string>
    <string name="pref_default_zoom_48_key">0</string>
    <string name="pref_pixel_binning">1</string>
    <string name="lib_curve_tele_key">0</string>
    <string name="lib_chroma_l3_5th_key">0</string>
    <string name="ldr_user_gamma_18">0.60386</string>
    <string name="ldr_user_gamma_19">0.63463</string>
    <string name="ldr_user_gamma_16">0.54203</string>
    <string name="lib_luma_l1_wide_key">0</string>
    <string name="ldr_user_gamma_17">0.57293</string>
    <string name="pref_lib_smoothing2_48_key">0</string>
    <string name="ldr_user_gamma_14">0.47416</string>
    <string name="ldr_user_gamma_15">0.50976</string>
    <string name="lib_spat_l1_5th_key">0</string>
    <string name="ldr_user_gamma_12">0.39771</string>
    <string name="ldr_user_gamma_13">0.4364</string>
    <string name="ldr_user_gamma_10">0.31901</string>
    <string name="ldr_user_gamma_11">0.35798</string>
    <string name="lib_luma_key">0</string>
    <string name="pref_awb_macr_b6">0.6</string>
    <string name="pref_awb_macr_b5">0.6</string>
    <string name="lib_luma_tele_key">0</string>
    <string name="lib_luma_wide_key">0</string>
    <string name="lib_curve_5th_key">0</string>
    <string name="pref_awb_gain_fix_key">0</string>
    <string name="lib_luma_l3_48_key">0</string>
    <string name="pref_lib_smoothing1_key">0</string>
    <string name="lib_luma_l1_5th_key">0</string>
    <string name="lib_brightness_key">0</string>
    <string name="pref_category_sharpen">0</string>
    <string name="lib_dnr_l1_global_key">0</string>
    <string name="pref_switch_camera_command_string">-1</string>
    <string name="pref_has_checked_photosphere_mode">0</string>
    <string name="lib_luma_l1_tele_key">0</string>
    <string name="pref_switch_to_next_mode_command_string">-1</string>
    <string name="pref_lib_depth2_key">0</string>
    <string name="pref_libs_key">0</string>
    <string name="pref_awb_macr_b0">0.6</string>
    <string name="pref_social_app_com_instagram_android">0</string>
    <string name="pref_awb_macr_b4">0.6</string>
    <string name="pref_awb_macr_b3">0.6</string>
    <string name="pref_awb_macr_b2">0.6</string>
    <string name="pref_awb_macr_b1">0.6</string>
    <string name="lib_iso_key">0</string>
    <string name="pref_max_focus_value_back_5th_key">20.0</string>
    <string name="pref_show_buttons_key">1</string>
    <string name="af_far_4th_key"></string>
    <string name="ldr_user_gamma_30">0.97168</string>
    <string name="ldr_user_gamma_31">1.0</string>
    <string name="lib_chroma_l2_48_key">0</string>
    <string name="lib_contrast_l2_48_key">0</string>
    <string name="pref_sabre_48_key">0</string>
    <string name="lib_brightness_ldr_key">B81E853F</string>
    <string name="ldr_user_gamma_29">0.94317</string>
    <string name="lib_spat_l2_key">0</string>
    <string name="ldr_user_gamma_27">0.88553</string>
    <string name="ldr_user_gamma_28">0.91446</string>
    <string name="ldr_user_gamma_25">0.82478</string>
    <string name="ldr_user_gamma_26">0.85573</string>
    <string name="ldr_user_gamma_23">0.76243</string>
    <string name="ldr_user_gamma_24">0.79349</string>
    <string name="ldr_user_gamma_21">0.69908</string>
    <string name="pref_raw_sensor_4th_key">0</string>
    <string name="ldr_user_gamma_22">0.73115</string>
    <string name="ldr_user_gamma_20">0.66644</string>
    <string name="af_far_5th_key"></string>
    <string name="pref_lib_rp_48_key">0</string>
    <string name="pref_shutter_command_string">-1</string>
    <string name="pref_lib_gamma_x2_global_key">333</string>
    <string name="pref_lib_depth1_4th_key">0</string>
    <string name="lib_hdr_lightness_global_key">0</string>
    <string name="pref_manual_aux_name_1_key">1x</string>
    <string name="48_pref_quality_jpg_option_available_key">95</string>
    <string name="pref_category_rgbactive">1</string>
    <string name="pref_lib_gamma_x1_4th_key">333</string>
    <string name="pref_ext_mic_key">0</string>
    <string name="pref_awb_wide_r5">0.6</string>
    <string name="pref_awb_wide_r6">0.6</string>
    <string name="lib_contrast_ldr_key">0800E8D2</string>
    <string name="pref_cct_wide_temp_offset_key">0.0</string>
    <string name="lib_hdr_range_plus_key">0</string>
    <string name="pref_lib_depth2_tele_key">0</string>
    <string name="lib_newsaturation_48_key">0</string>
    <string name="ldr_user_curve_9">0.678</string>
    <string name="ldr_user_curve_8">0.601</string>
    <string name="ldr_user_curve_7">0.519</string>
    <string name="pref_lib_depth1_wide_key">0</string>
    <string name="ldr_user_curve_6">0.434</string>
    <string name="lib_newsaturation_global_key">0</string>
    <string name="ldr_user_curve_5">0.348</string>
    <string name="ldr_user_curve_4">0.263</string>
    <string name="ldr_user_curve_3">0.184</string>
    <string name="lib_spat_l2_tele_key">0</string>
    <string name="ldr_user_curve_2">0.114</string>
    <string name="ldr_user_curve_key">0</string>
    <string name="ldr_user_curve_1">0.055</string>
    <string name="lib_spat_l1_48_key">0</string>
    <string name="ldr_user_curve_0">0.013</string>
    <string name="pref_camera_back_flashmode_key">off</string>
    <string name="lib_curve_key">1</string>
    <string name="lib_darks_tele_key">-6</string>
    <string name="ldr_manual_key">1</string>
    <string name="pref_aux_key">0</string>
    <string name="lib_contrast_l2_wide_key">0</string>
    <string name="af_near_key"></string>
    <string name="pref_default_zoom_wide_key">0</string>
    <string name="lib_hue_ldr_key">0</string>
    <string name="pref_lib_smoothing1_4th_key">0</string>
    <string name="lib_dnr_tele_key">0</string>
    <string name="lib_brightness_5th_key">0</string>
    <string name="lib_hdr_range_minus_tele_key">0</string>
    <string name="pref_hist_key">0</string>
    <string name="pref_manual_cameraid_back_5_key">5</string>
    <string name="pref_has_checked_social_share">1</string>
    <string name="pref_camera_resolution">full</string>
    <string name="pref_checkbox_mf_enabled_infinity">0</string>
    <string name="key_aspect_ratio">1</string>
    <string name="pref_lib_gamma_y2_4th_key">15</string>
    <string name="pref_cct_log_key">0</string>
    <string name="lib_luma_5th_key">0</string>
    <string name="lib_hdr_effect_ldr_key">0D103C1E</string>
    <string name="m_pref_quality_jpg_option_available_key">95</string>
    <string name="pref_cct_back_key">-1</string>
    <string name="pref_checkbox_mf_enabled_5">0</string>
    <string name="pref_lib_gamma_y2_key">15</string>
    <string name="lib_hdr_lightness_48_key">0</string>
    <string name="lib_chroma_l1_global_key">0</string>
    <string name="lib_saturation_tele_key">0</string>
    <string name="lib_user_addr_1"></string>
    <string name="pref_upgrade_version">20</string>
    <string name="lib_user_addr_2"></string>
    <string name="pref_rgb_a">4</string>
    <string name="lib_luma_l2_48_key">0</string>
    <string name="pref_rgb_b">2</string>
    <string name="pref_rgb_c">2</string>
    <string name="pref_rgb_d">0</string>
    <string name="pref_rgb_e">0</string>
    <string name="pref_rgb_f">0</string>
    <string name="pref_rgb_g">0</string>
    <string name="lib_darks_48_key">-6</string>
    <string name="pref_evcomp_front_key">0</string>
    <string name="lib_saturation_global_key">0</string>
    <string name="lib_hdr_effect_tele_key">0</string>
    <string name="lib_chroma_l3_tele_key">0</string>
    <string name="pref_libs_ldr_key">0</string>
    <string name="lib_contrast_4th_key">0</string>
    <string name="lib_dnr_5th_key">0</string>
    <string name="wide_pref_quality_jpg_option_available_key">95</string>
    <string name="pref_camera_recordlocation_key">0</string>
    <string name="pref_lib_rp_tele_key">0</string>
    <string name="lib_iso_global_key">0</string>
    <string name="pref_cct_back_temp_offset_key">0.0</string>
    <string name="lib_contrast_l2_key">5555E53F</string>
    <string name="pref_has_checked_cuttlefish_mode">0</string>
    <string name="lib_spat_l2_5th_key">0</string>
    <string name="pref_lib_gamma_x1_global_key">333</string>
    <string name="lib_chroma_l3_48_key">0</string>
    <string name="lib_contrast_key">88FFE7D2</string>
    <string name="pref_category_tonecurveactive">1</string>
    <string name="pref_lib_rp_key">0</string>
    <string name="lib_contrast_wide_key">0</string>
    <string name="pref_awb_wide_r0">0.6</string>
    <string name="pref_awb_wide_r1">0.6</string>
    <string name="lib_spat_l2_4th_key">0</string>
    <string name="pref_awb_wide_r2">0.6</string>
    <string name="lib_spat_wide_key">0</string>
    <string name="lib_spat_48_key">0</string>
    <string name="pref_awb_wide_r3">0.6</string>
    <string name="pref_awb_wide_r4">0.6</string>
    <string name="lib_saturation_key">0</string>
    <string name="lib_contrast_l2_4th_key">0</string>
    <string name="pref_manual_cameraid_back_4_key">4</string>
    <string name="pref_category_bactive">0</string>
    <string name="lib_dnr_48_key">0</string>
    <string name="postprocessing_key">1</string>
    <string name="lib_luma_l1_key">0</string>
    <string name="lib_iso_tele_key">0</string>
    <string name="lib_redsat_global_key">0</string>
    <string name="lib_spat_l1_wide_key">0</string>
    <string name="lib_iso_ldr_key">0</string>
    <string name="pref_awb_front_key">1</string>
    <string name="pref_af_mode_back">0</string>
    <string name="pref_maxexpsec_key">0</string>
    <string name="lib_greensat_key">0</string>
    <string name="lib_hdr_effect_global_key">0</string>
    <string name="pref_awb_zoom_model">7</string>
    <string name="lib_luma_l2_key">0</string>
    <string name="af_near_wide_key"></string>
    <string name="lib_pdarks_48_key">333</string>
    <string name="lib_pwhites_5th_key">333</string>
    <string name="pref_lib_gamma_y1_48_key">-6</string>
    <string name="pref_set_focus_key">0</string>
    <string name="lib_dnr_l1_4th_key">0</string>
    <string name="af_near_4th_key"></string>
    <string name="pref_last_location_recording_state">0</string>
    <string name="pref_af_data_hide_key">1</string>
    <string name="pref_video_quality_ultra_key">0</string>
    <string name="af_infinity_key"></string>
    <string name="lib_chroma_l1_4th_key">0</string>
    <string name="lib_processing_4th_key">0</string>
    <string name="pref_release_dialog_last_shown_version"></string>
    <string name="pref_lib_depth2_global_key">0</string>
    <string name="lib_spat_l4_wide_key">0</string>
    <string name="lib_dnr_l1_tele_key">0</string>
    <string name="lib_spat_l4_5th_key">0</string>
    <string name="pref_volume_key_action">shutter</string>
    <string name="pref_invert_key">0</string>
    <string name="lib_processing_5th_key">0</string>
    <string name="lib_whites_global_key">15</string>
    <int name="tooltip_impression_count_for_micro_tutorial_dismiss" value="1" />
    <string name="lib_spat_l4_global_key">0</string>
    <string name="af_near_5th_key"></string>
    <string name="lib_pdarks_tele_key">333</string>
    <string name="pref_awb_tele_model">7</string>
    <string name="pref_lib_smoothing1_global_key">0</string>
    <string name="pref_manual_cameraid_back_3_key">3</string>
    <string name="lib_processing_wide_key">0</string>
    <string name="pref_camera_hdr_plus_key">on</string>
    <string name="pref_video_stabilization_key">1</string>
    <string name="pref_bitrate_key">0</string>
    <string name="pref_manual_aux_name_2_key">2x</string>
    <string name="pref_manual_cameraid_back_2_key">2</string>
    <string name="lib_newsaturation_tele_key">0</string>
    <string name="lib_chroma_l1_5th_key">0</string>
    <string name="pref_category_saturation">0</string>
    <string name="lib_redsat_tele_key">0</string>
    <string name="lib_hdr_effect_key">0D103C1E</string>
    <string name="pref_list_front_focal_length_key">3.54</string>
    <string name="pref_manualauxname_key">0</string>
    <string name="lib_iso_4th_key">0</string>
    <string name="pref_max_focus_value_front_tele_key">10.0</string>
    <string name="lib_luma_l3_key">0</string>
    <string name="pref_blur_key">0</string>
    <string name="pref_ois_video_stabilization_key">0</string>
    <string name="lib_gamma_tele_key">0</string>
    <string name="pref_category_gactive">0</string>
    <string name="lib_chroma_wide_key">0</string>
    <string name="pref_video_hevc_setting_key">0</string>
    <string name="pref_camera_sounds_key">0</string>
    <string name="pref_max_focus_value_front_key">20.0</string>
    <string name="pref_lib_gamma_y1_tele_key">-6</string>
    <string name="lib_hdr_effect_5th_key">0</string>
    <set name="pref_list_back_camera_key">
        <string>0</string>
        <string>2</string>
        <string>3</string>
    </set>
    <string name="lib_pwhites_4th_key">333</string>
    <string name="lib_luma_l3_global_key">0</string>
    <string name="lib_luma_l4_5th_key">0</string>
    <string name="af_far_tele_key">0</string>
    <string name="pref_aemode_back_key">0</string>
    <string name="pref_show_ldr_button_key">1</string>
    <string name="lib_hue_48_key">0</string>
    <string name="lib_sharpness_wide_key">0</string>
    <string name="perf_has_run_second_education">0</string>
    <string name="pref_awb_tele_b2">0.6</string>
    <string name="pref_awb_tele_b3">0.6</string>
    <string name="pref_awb_tele_b0">0.6</string>
    <string name="pref_awb_tele_b1">0.6</string>
    <string name="pref_awb_tele_b6">0.6</string>
    <string name="pref_awb_tele_b4">0.6</string>
    <string name="pref_awb_tele_b5">0.6</string>
    <string name="pref_dirty_lens_detector_key">1</string>
    <string name="pref_has_checked_lens_mode">0</string>
    <string name="lib_brightness_wide_key">0</string>
    <string name="lib_luma_l4_4th_key">0</string>
    <string name="pref_manual_aux_name_3_key">0.6x</string>
    <string name="pref_camera_dirty_lens_history_key0">-2.267077|-2.4748087|-4.3481765|-6.2847466|-3.0363767|-3.7304287|-4.615543|-4.4781446|0.9649756|-0.2018382|-1.0606744|-1.1765684|0.710271|</string>
    <string name="lib_chroma_l2_wide_key">0</string>
    <string name="lib_contrast_l2_ldr_key">5555E53F</string>
    <string name="pref_show_pp_button_key">0</string>
    <string name="lib_redsat_5th_key">0</string>
    <string name="af_infinity_tele_key"></string>
    <string name="pref_awb_wide_b5">0.6</string>
    <string name="pref_awb_wide_b6">0.6</string>
    <string name="pref_awb_frnt_model">7</string>
    <string name="lib_contrast_global_key">0</string>
    <string name="lib_luma_l3_5th_key">0</string>
    <string name="lib_spat_l3_5th_key">0</string>
    <string name="pref_awb_wide_b0">0.6</string>
    <string name="pref_awb_wide_b1">0.6</string>
    <string name="pref_awb_wide_b2">0.6</string>
    <string name="pref_awb_wide_b3">0.6</string>
    <string name="pref_manual_cameraid_back_1_key">0</string>
    <string name="pref_awb_wide_b4">0.6</string>
    <string name="lib_chroma_l4_key">0</string>
    <string name="lib_luma_l1_global_key">0</string>
    <string name="pref_manual_cameraid_front_1_key">1</string>
    <string name="pref_category_smoothen">0</string>
    <string name="pref_vignette_key">1</string>
    <string name="pref_has_checked_cheetah_mode">0</string>
    <string name="pref_manual_focus_key">1</string>
    <string name="pref_motion_option_available_key">1</string>
    <string name="pref_cct_4th_key">-1</string>
    <string name="lib_contrast_l1_ldr_key">0000F0BF</string>
    <string name="pref_mode_vesper_level">1</string>
    <string name="pref_category_sepia">0</string>
    <string name="lib_greensat_tele_key">0</string>
    <string name="lib_spat_4th_key">0</string>
    <string name="af_far_key"></string>
    <string name="lib_hdr_range_plus_global_key">0</string>
    <string name="pref_lib_smoothing1_wide_key">0</string>
    <string name="lib_chroma_l3_wide_key">0</string>
    <string name="lib_dnr_4th_key">0</string>
    <string name="lib_spat_key">0</string>
    <string name="lib_pwhites_global_key">333</string>
    <string name="lib_sharpness_key">48FEE7D2</string>
    <string name="pref_awb_frnt_r5">0.6</string>
    <string name="pref_awb_frnt_r4">0.6</string>
    <string name="pref_camera_array_key">0,1</string>
    <string name="pref_awb_frnt_r6">0.6</string>
    <string name="tele37_pref_quality_jpg_option_available_key">95</string>
    <string name="pref_awb_frnt_r1">0.6</string>
    <string name="lib_spat_l1_global_key">0</string>
    <string name="pref_awb_frnt_r0">0.6</string>
    <string name="pref_awb_frnt_r3">0.6</string>
    <string name="pref_awb_frnt_r2">0.6</string>
    <string name="lib_luma_l2_wide_key">0</string>
    <string name="pref_category_brightness">0</string>
    <string name="pref_camera_selfie_mirror_key">1</string>
    <string name="pref_enable_patcher_key">1</string>
    <string name="lib_hdr_lightness_tele_key">0</string>
    <string name="lib_user_curve_key">0</string>
    <string name="pref_vignette_size_key">25</string>
    <string name="pref_social_app_com_google_android_apps_messaging">0</string>
    <string name="pref_saperture">0</string>
    <string name="lib_luma_l4_48_key">0</string>
    <string name="pref_r_f">0</string>
    <string name="pref_r_e">0</string>
    <string name="pref_r_g">0</string>
    <string name="pref_r_b">0</string>
    <string name="lib_newsaturation_wide_key">0</string>
    <string name="pref_r_a">0</string>
    <string name="pref_r_d">0</string>
    <string name="pref_r_c">0</string>
    <string name="perf_has_shown_options_bar">1</string>
    <string name="pref_manual_cameraid_front_2_key">1</string>
    <string name="lib_hdr_range_plus_wide_key">0</string>
    <string name="pref_sabre_4th_key">0</string>
    <string name="pref_evcomp_key">-3</string>
    <string name="pref_vignette_strengh_key">50</string>
    <string name="lib_processing_48_key">0</string>
    <string name="lib_saturation2_tele_key">0</string>
    <string name="lib_saturation2_global_key">0</string>
    <string name="pref_awb_wide_model">7</string>
    <string name="lib_luma_l2_tele_key">0</string>
    <string name="pref_camera_front_flashmode_key">off</string>
    <string name="pref_gallery_key">1</string>
    <string name="perf_has_run_first_education">1</string>
    <string name="lib_gamma_global_key">0</string>
    <string name="lib_dnr_l1_wide_key">0</string>
    <string name="pref_lib_rp_4th_key">0</string>
    <string name="lib_darks_global_key">-6</string>
    <string name="lib_contrast_5th_key">0</string>
    <long name="tooltip_latest_impression_timestamp_for_pref_has_checked_quick_share_tooltip" value="1614071958823" />
    <string name="lib_contrast_l2_tele_key">0</string>
    <string name="lib_hdr_lightness_ldr_key">0E102E1E</string>
    <string name="lib_spat_l2_48_key">0</string>
    <string name="pref_raw_sensor_tele_key">0</string>
    <string name="lib_gamma_4th_key">0</string>
    <string name="pref_lib_rp_5th_key">0</string>
    <string name="lib_hdr_range_plus_tele_key">0</string>
    <string name="lib_newsaturation_ldr_key">09102E1E</string>
    <string name="lib_spat_l4_tele_key">0</string>
    <string name="pref_has_checked_dual_ev_brightness">0</string>
    <string name="lib_processing_key">0</string>
    <string name="pref_sabre_5th_key">0</string>
    <string name="pref_camera_picturesize_front_key">2320x1740</string>
    <string name="lib_hdr_lightness_wide_key">0</string>
    <string name="pref_manual_cameraid_front_3_key">1</string>
    <string name="lib_luma_l4_global_key">0</string>
    <string name="pref_focus_value_key">20.0</string>
    <string name="pref_imax_audio_enabled_key">0</string>
    <string name="lib_chroma_global_key">0</string>
    <string name="pref_raw_sensor_48_key">0</string>
    <string name="pref_social_app_com_facebook_orca">0</string>
    <string name="pref_lib_gamma_x2_5th_key">333</string>
    <string name="pref_sabre_back_key">0</string>
    <string name="lib_user_value_1"></string>
    <string name="lib_pdarks_4th_key">333</string>
    <string name="lib_user_value_2"></string>
    <string name="pref_lib_depth2_48_key">0</string>
    <string name="pref_awb_back_48_key">1</string>
    <string name="pref_raw_sensor_5th_key">0</string>
    <string name="lib_contrast_l2_5th_key">0</string>
    <string name="pref_lib_smoothing1_tele_key">0</string>
    <string name="lib_newsaturation_5th_key">0</string>
    <string name="pref_micro_mode">0</string>
    <string name="pref_has_checked_ornament_mode">0</string>
    <string name="pref_back_camera_array_key">0,2</string>
    <string name="pref_g_a">0</string>
    <string name="pref_g_c">0</string>
    <string name="pref_g_b">0</string>
    <string name="lib_redsat_48_key">0</string>
    <string name="pref_link_first_time_chip_click_ms">0</string>
    <string name="lib_chroma_l1_48_key">0</string>
    <string name="lib_hdr_range_minus_48_key">0</string>
    <string name="pref_g_e">0</string>
    <string name="pref_g_d">0</string>
    <string name="pref_g_g">0</string>
    <string name="lib_contrast_tele_key">0</string>
    <string name="pref_g_f">0</string>
    <string name="pref_lib_smoothing1_5th_key">0</string>
    <string name="lib_chroma_l3_global_key">0</string>
    <string name="lib_chroma_l3_key">0</string>
    <set name="pref_list_front_camera_key">
        <string>1</string>
    </set>
    <string name="lib_spat_l4_48_key">0</string>
    <string name="pref_lib_depth1_tele_key">0</string>
    <string name="lib_chroma_l4_global_key">0</string>
    <string name="pref_awb_back_auxbackcamera_key">1</string>
    <string name="lib_darks_wide_key">-6</string>
    <string name="lib_luma_l2_4th_key">0</string>
    <string name="pref_lib_smoothing2_global_key">0</string>
    <string name="pref_lib_rp_ldr_key">0</string>
    <string name="pref_show_exp_button_key">0</string>
    <string name="pref_awb_back_uw_key">1</string>
    <string name="lib_newsaturation_4th_key">0</string>
    <string name="pref_evcomp_ldr_front_key">0</string>
    <string name="lib_redsat_key">0</string>
    <string name="pref_lib_smoothing1_48_key">0</string>
    <string name="pref_aemode_front_key">0</string>
    <string name="pref_lib_gamma_y2_wide_key">15</string>
    <string name="lib_chroma_l4_4th_key">0</string>
    <string name="pref_video_fps_p2018_key">FPS_30</string>
    <string name="pref_max_focus_value_back_tele_key">10.0</string>
    <string name="pref_motion_toast_last_shown_version">7.3.018.291816413</string>
    <string name="pref_lib_gamma_y2_tele_key">15</string>
    <string name="pref_camera_raw_output_key">0</string>
    <string name="pref_default_zoom_back_key">0</string>
    <string name="lib_chroma_l3_4th_key">0</string>
    <string name="pref_awb_zoom_b3">0.6</string>
    <string name="pref_awb_zoom_b4">0.6</string>
    <string name="pref_awb_zoom_b1">0.6</string>
    <string name="lib_redsat_4th_key">0</string>
    <string name="pref_awb_zoom_b2">0.6</string>
    <string name="pref_awb_zoom_b0">0.6</string>
    <string name="lib_saturation_5th_key">0</string>
    <string name="pref_awb_zoom_b5">0.6</string>
    <string name="pref_awb_zoom_b6">0.6</string>
    <string name="pref_lib_gamma_x2_wide_key">333</string>
    <string name="lib_whites_5th_key">15</string>
    <string name="pref_awb_tele_r2">0.6</string>
    <string name="pref_awb_tele_r3">0.6</string>
    <string name="lib_chroma_l4_5th_key">0</string>
    <string name="lib_user_gamma_1">0.01887</string>
    <string name="pref_awb_tele_r0">0.6</string>
    <string name="lib_spat_5th_key">0</string>
    <string name="lib_user_gamma_0">0.00406</string>
    <string name="pref_awb_tele_r1">0.6</string>
    <string name="lib_contrast_48_key">0</string>
    <string name="pref_awb_tele_r6">0.6</string>
    <string name="pref_lib_gamma_y1_global_key">-6</string>
    <string name="pref_awb_tele_r4">0.6</string>
    <string name="lib_pdarks_5th_key">333</string>
    <string name="pref_awb_tele_r5">0.6</string>
    <string name="lib_user_key_2">0</string>
    <string name="key_social_share_opt_in">1</string>
    <string name="pref_lib_depth1_5th_key">0</string>
    <string name="pref_front_camera_array_key">1</string>
    <string name="key_ff_opt_in">0</string>
    <string name="pref_camera_picturesize_aux_key">Full resolution</string>
    <string name="pref_has_checked_dual_ev_shadow">0</string>
    <string name="pref_lib_gamma_x2_4th_key">333</string>
    <string name="lib_user_key_1">0</string>
    <string name="lib_pwhites_key">333</string>
    <string name="af_infinity_wide_key"></string>
    <string name="pref_sabre_front_key">0</string>
    <string name="pref_max_focus_value_back_wide_key">20.0</string>
    <string name="pref_awb_back_key">10</string>
    <string name="lib_luma_l4_tele_key">0</string>
    <string name="lib_user_gamma_3">0.0751</string>
    <string name="lib_user_gamma_2">0.04487</string>
    <string name="lib_user_gamma_5">0.13991</string>
    <string name="lib_user_gamma_4">0.10747</string>
    <string name="lib_chroma_l2_key">0</string>
    <string name="lib_user_gamma_7">0.20775</string>
    <string name="lib_user_gamma_6">0.17316</string>
    <string name="pref_lib_gamma_x2_tele_key">333</string>
    <string name="lib_user_gamma_9">0.28068</string>
    <string name="lib_user_gamma_8">0.24356</string>
    <string name="pref_manual_cameraid_front_4_key">1</string>
    <string name="lib_luma_l4_wide_key">0</string>
    <string name="lib_hue_4th_key">0</string>
    <string name="pref_camera_coach_key">1</string>
    <string name="pref_raw_sensor_wide_key">0</string>
    <string name="pref_manual_cameraid_key">0</string>
    <string name="lib_saturation_48_key">0</string>
    <string name="pref_show_af_button_key">0</string>
    <string name="pref_lib_gamma_y2_48_key">15</string>
    <string name="pref_lib_depth1_key">0</string>
    <string name="lib_chroma_l1_wide_key">0</string>
    <string name="lib_pwhites_48_key">333</string>
    <string name="tele_pref_quality_jpg_option_available_key">95</string>
    <string name="lib_whites_wide_key">15</string>
    <string name="lib_hue_global_key">0</string>
    <string name="lib_chroma_l4_48_key">0</string>
    <string name="lib_chroma_l2_tele_key">0</string>
    <string name="pref_camera_picturesize_back_key">3264x2448</string>
    <string name="pref_cct_tele_temp_offset_key">0.0</string>
    <string name="pref_onebyone_key">0</string>
    <string name="lib_sharpness_global_key">0</string>
    <string name="pref_manual_focus_back_5th_key">0</string>
    <string name="lib_user_gamma_20">0.66644</string>
    <string name="lib_hdr_range_minus_5th_key">0</string>
    <string name="lib_user_gamma_21">0.69908</string>
    <string name="lib_user_gamma_22">0.73115</string>
    <string name="lib_user_gamma_23">0.76243</string>
    <string name="lib_user_gamma_24">0.79349</string>
    <string name="lib_user_gamma_25">0.82478</string>
    <string name="lib_user_gamma_26">0.85573</string>
    <string name="pref_category_sharpen2">0</string>
    <string name="lib_user_gamma_27">0.88553</string>
    <string name="pref_4k_timelapse_key">0</string>
    <string name="lib_user_gamma_28">0.91446</string>
    <string name="lib_user_gamma_29">0.94317</string>
    <string name="pref_switch_manual_camera_array_key">0</string>
    <string name="pref_awb_frnt_b5">0.6</string>
    <string name="pref_awb_frnt_b4">0.6</string>
    <string name="pref_awb_frnt_b6">0.6</string>
    <string name="pref_awb_frnt_b1">0.6</string>
    <string name="pref_awb_frnt_b0">0.6</string>
    <string name="pref_awb_frnt_b3">0.6</string>
    <string name="pref_awb_frnt_b2">0.6</string>
    <string name="pref_lib_gamma_x1_48_key">333</string>
    <string name="lib_hdr_range_plus_5th_key">0</string>
    <string name="pref_cct_5th_key">-1</string>
    <string name="pref_awb_user_model">7</string>
    <int name="tooltip_impression_count_for_pref_has_checked_quick_share_tooltip" value="5" />
    <string name="pref_show_non_restart_aux_key">0</string>
    <string name="lib_user_gamma_31">1.0</string>
    <string name="pref_default_zoom_5th_key">0</string>
    <string name="pref_cct_front_key">-1</string>
    <string name="pref_max_focus_value_back_4th_key">20.0</string>
    <string name="lib_saturation_4th_key">0</string>
    <string name="pref_exposure_max_back_key">5</string>
    <string name="pref_manual_cameraid_front_5_key">1</string>
    <string name="lib_gamma_48_key">0</string>
    <string name="lib_chroma_l1_key">0</string>
    <string name="lib_dnr_key">0</string>
    <string name="pref_evcomp_port_key">0</string>
    <string name="lib_spat_l2_global_key">0</string>
    <string name="pref_af_mode_front">0</string>
    <string name="lib_saturation_ldr_key">08FFE7D2</string>
    <string name="lib_user_gamma_30">0.97168</string>
    <string name="pref_lib_rp_wide_key">0</string>
    <string name="lib_iso_wide_key">0</string>
    <string name="lib_spat_tele_key">0</string>
    <string name="key_modeless_video">0</string>
    <long name="tooltip_latest_impression_timestamp_for_micro_tutorial_dismiss" value="1614071018131" />
    <string name="lib_gamma_wide_key">0</string>
    <string name="lib_hue_key">0</string>
    <string name="pref_tracking_option_available_key">0</string>
    <string name="ldr_user_gamma_3">0.0751</string>
    <string name="lib_user_gamma_10">0.31901</string>
    <string name="ldr_user_gamma_4">0.10747</string>
    <string name="lib_user_gamma_11">0.35798</string>
    <string name="ldr_user_gamma_5">0.13991</string>
    <string name="lib_user_gamma_12">0.39771</string>
    <string name="ldr_user_gamma_6">0.17316</string>
    <string name="lib_user_gamma_13">0.4364</string>
    <string name="lib_user_gamma_14">0.47416</string>
    <string name="ldr_user_gamma_0">0.00406</string>
    <string name="lib_user_gamma_15">0.50976</string>
    <string name="ldr_user_gamma_1">0.01887</string>
    <string name="lib_user_gamma_16">0.54203</string>
    <string name="ldr_user_gamma_2">0.04487</string>
    <string name="lib_user_gamma_17">0.57293</string>
    <string name="lib_user_gamma_18">0.60386</string>
    <string name="lib_user_gamma_19">0.63463</string>
    <string name="lib_spat_l1_tele_key">0</string>
    <string name="lib_luma_l3_4th_key">0</string>
    <string name="pref_lib_depth2_4th_key">0</string>
    <string name="ldr_user_gamma_7">0.20775</string>
    <string name="ldr_user_gamma_8">0.24356</string>
    <string name="ldr_user_gamma_9">0.28068</string>
    <string name="lib_gamma_5th_key">0</string>
    <string name="lib_chroma_l2_5th_key">0</string>
    <string name="lib_luma_l2_global_key">0</string>
    <string name="tf_af_key">6</string>
    <string name="pref_max_focus_value_front_5th_key">20.0</string>
    <string name="lib_spat_l4_key">0</string>
    <string name="pref_zoom_out_command_string">-1</string>
    <string name="lib_hdr_range_plus_48_key">0</string>
    <string name="pref_has_checked_measure_mode">0</string>
    <string name="lib_whites_48_key">15</string>
    <string name="lib_luma_l3_wide_key">0</string>
    <string name="lib_chroma_48_key">0</string>
    <string name="lib_saturation2_wide_key">0</string>
    <string name="pref_enable_camera_key">1</string>
    <string name="lib_chroma_key">0</string>
    <string name="lib_hdr_effect_wide_key">0</string>
    <string name="pref_checkbox_mf_enabled_portrait">1</string>
    <string name="lib_greensat_global_key">0</string>
    <string name="pref_lib_depth2_wide_key">0</string>
    <string name="pref_manual_focus_front_key">0</string>
    <string name="pref_lib_smoothing2_4th_key">0</string>
    <string name="lib_user_gamma_key">0</string>
    <string name="lib_hdr_range_plus_ldr_key">0</string>
    <string name="lib_dnr_global_key">0</string>
    <string name="lib_newsaturation_key">0</string>
    <string name="pref_manual_focus_front_4th_key">0</string>
    <string name="pref_cct_4th_temp_offset_key">0.0</string>
    <string name="pref_reset_af_key">1</string>
    <string name="lib_hdr_range_minus_wide_key">0</string>
    <string name="lib_brightness_global_key">0</string>
    <string name="lib_curve_48_key">0</string>
    <string name="lib_hue_tele_key">0</string>
    <string name="lib_darks_4th_key">-6</string>
    <string name="lib_greensat_4th_key">0</string>
    <string name="pref_exposure_max_front_key">5</string>
    <string name="lib_pwhites_tele_key">333</string>
    <string name="pref_cct_5th_temp_offset_key">0.0</string>
    <string name="lib_sharpness_48_key">0</string>
    <string name="lib_sharpness_5th_key">0</string>
    <string name="pref_lib_gamma_y1_4th_key">-6</string>
    <string name="lib_spat_l2_wide_key">0</string>
    <string name="pref_experimental_key">0</string>
    <string name="lib_processing_global_key">0</string>
    <string name="pref_lib_gamma_y1_5th_key">-6</string>
    <string name="pref_manual_focus_back_tele_key">0</string>
    <string name="pref_lib_depth1_global_key">0</string>
    <string name="lib_chroma_l2_global_key">0</string>
    <string name="pref_awb_zoom_r3">0.6</string>
    <string name="pref_awb_zoom_r4">0.6</string>
    <string name="pref_awb_zoom_r1">0.6</string>
    <string name="pref_awb_zoom_r2">0.6</string>
    <string name="lib_greensat_5th_key">0</string>
    <string name="pref_awb_zoom_r0">0.6</string>
    <string name="lib_brightness_48_key">0</string>
    <string name="pref_lib_gamma_y1_wide_key">-6</string>
    <string name="pref_awb_user_b0">0.6</string>
    <string name="lib_redsat_wide_key">0</string>
    <string name="pref_awb_user_b1">0.6</string>
    <string name="pref_awb_user_b2">0.6</string>
    <string name="pref_awb_user_b3">0.6</string>
    <string name="lib_hdr_effect_4th__key">0</string>
    <string name="pref_manual_focus_front_5th_key">0</string>
    <string name="pref_awb_user_b4">0.6</string>
    <string name="lib_chroma_4th_key">0</string>
    <string name="pref_awb_user_b5">0.6</string>
    <string name="pref_awb_user_b6">0.6</string>
    <string name="lib_hdr_range_minus_ldr_key">0</string>
    <string name="lib_darks_5th_key">-6</string>
    <string name="lib_greensat_48_key">0</string>
    <string name="lib_luma_48_key">0</string>
    <string name="pref_awb_back_m_key">1</string>
    <string name="lib_hdr_lightness_4th_key">0</string>
    <string name="lib_chroma_tele_key">0</string>
    <string name="af_infinity_5th_key"></string>
    <set name="pref_list_camera_key">
        <string>0</string>
        <string>1</string>
        <string>2</string>
        <string>3</string>
    </set>
    <string name="pref_has_checked_tiara_mode">0</string>
    <string name="lib_luma_l1_48_key">0</string>
    <string name="lib_sharpness_4th_key">0</string>
    <string name="pref_raw_sensor_key">0</string>
    <string name="pref_max_focus_value_front_wide_key">20.0</string>
    <string name="pref_camera_picturesize_5th_key">Full resolution</string>
    <string name="pref_round_key">0</string>
    <string name="pref_social_app_com_facebook_katana">0</string>
    <string name="lib_spat_l3_4th_key">0</string>
    <string name="pref_awb_macr_r0">0.6</string>
    <string name="pref_awb_macr_r4">0.6</string>
    <string name="pref_awb_macr_r3">0.6</string>
    <string name="pref_awb_zoom_r5">0.6</string>
    <string name="pref_awb_macr_r2">0.6</string>
    <string name="pref_awb_zoom_r6">0.6</string>
    <string name="pref_awb_macr_r1">0.6</string>
    <string name="pref_social_app_com_whatsapp">0</string>
    <string name="pref_awb_macr_r6">0.6</string>
    <string name="pref_awb_macr_r5">0.6</string>
    <string name="pref_awb_macr_model">7</string>
    <string name="lib_chroma_5th_key">0</string>
    <string name="lib_user_curve_5">0.348</string>
    <string name="lib_user_curve_4">0.263</string>
    <string name="lib_user_curve_3">0.184</string>
    <string name="lib_user_curve_2">0.114</string>
    <string name="lib_user_curve_9">0.678</string>
    <string name="lib_user_curve_8">0.601</string>
    <string name="lib_user_curve_7">0.519</string>
    <string name="lib_user_curve_6">0.434</string>
    <string name="lib_processing_tele_key">0</string>
    <string name="lib_sharpness_tele_key">0</string>
    <string name="lib_saturation2_5th_key">0</string>
    <string name="lib_user_curve_1">0.055</string>
    <string name="lib_user_curve_0">0.013</string>
    <string name="pref_manual_focus_back_4th_key">0</string>
    <string name="af_far_wide_key"></string>
    <string name="pref_googleawb_key">on</string>
    <string name="af_infinity_4th_key"></string>
    <string name="pref_list_back_focal_length_key">5.58,1.64,1.77</string>
    <string name="lib_gamma_key">0</string>
    <string name="lib_hdr_range_minus_global_key">0</string>
    <string name="lib_dnr_wide_key">0</string>
    <string name="pref_frames_key">15</string>
    <string name="pref_default_zoom_tele_key">0</string>
    <string name="lib_hdr_lightness_5th_key">0</string>
    <string name="af_near_tele_key"></string>
    <string name="pref_cct_front_temp_offset_key">0.0</string>
    <string name="lib_greensat_wide_key">0</string>
    <string name="pref_camera_picturesize_4th_key">Full resolution</string>
    <string name="pref_camera_advice_settings">1</string>
    <string name="pref_evcomp_ldr_back_key">-2</string>
    <string name="lib_saturation2_4th_key">0</string>
</map>
